Unnamed: 0,Clothing ID,Age,Title,Review Text,Rating,Recommended IND,Positive Feedback Count,Division Name,Department Name,Class Name,Processed Review,Hybrid Category,KMeans Cluster,Keyword_Category,Semantic_Category
0,767,33,,Absolutely wonderful - silky and sexy and comfortable,4,1,0,Initmates,Intimate,Intimates,"['absolut', 'wonder', 'silki', 'sexi', 'comfort']",Comfort and Wearability,Cluster 6,Comfort and Wearability,Comfort and Wearability
1,1080,34,,"Love this dress!  it's sooo pretty.  i happened to find it in a store, and i'm glad i did bc i never would have ordered it online bc it's petite.  i bought a petite and am 5'8"".  i love the length on me- hits just a little below the knee.  would definitely be a true midi on someone who is truly petite.",5,1,4,General,Dresses,Dresses,"['love', 'dress', 'sooo', 'pretti', 'happen', 'find', 'store', 'im', 'glad', 'bc', 'never', 'would', 'order', 'onlin', 'bc', 'petit', 'bought', 'petit', 'love', 'length', 'hit', 'littl', 'knee', 'would', 'definit', 'true', 'midi', 'someon', 'truli', 'petit']",Fit and Sizing,Cluster 1,Fit and Sizing,Fit and Sizing
2,1077,60,Some major design flaws,"I had such high hopes for this dress and really wanted it to work for me. i initially ordered the petite small (my usual size) but i found this to be outrageously small. so small in fact that i could not zip it up! i reordered it in petite medium, which was just ok. overall, the top half was comfortable and fit nicely, but the bottom half had a very tight under layer and several somewhat cheap (net) over layers. imo, a major design flaw was the net over layer sewn directly into the zipper - it c",3,0,0,General,Dresses,Dresses,"['high', 'hope', 'dress', 'realli', 'want', 'work', 'initi', 'order', 'petit', 'small', 'usual', 'size', 'found', 'outrag', 'small', 'small', 'fact', 'could', 'zip', 'reorder', 'petit', 'medium', 'ok', 'overal', 'top', 'half', 'comfort', 'fit', 'nice', 'bottom', 'half', 'tight', 'layer', 'sever', 'somewhat', 'cheap', 'net', 'layer', 'imo', 'major', 'design', 'flaw', 'net', 'layer', 'sewn', 'directli', 'zipper', 'c']",Fit and Sizing,Cluster 1,Fit and Sizing,Fit and Sizing
3,1049,50,My favorite buy!,"I love, love, love this jumpsuit. it's fun, flirty, and fabulous! every time i wear it, i get nothing but great compliments!",5,1,0,General Petite,Bottoms,Pants,"['love', 'love', 'love', 'jumpsuit', 'fun', 'flirti', 'fabul', 'everi', 'time', 'wear', 'get', 'noth', 'great', 'compliment']",Style and Aesthetics,Cluster 1,Style and Aesthetics,Style and Aesthetics
4,847,47,Flattering shirt,This shirt is very flattering to all due to the adjustable front tie. it is the perfect length to wear with leggings and it is sleeveless so it pairs well with any cardigan. love this shirt!!!,5,1,6,General,Tops,Blouses,"['shirt', 'flatter', 'due', 'adjust', 'front', 'tie', 'perfect', 'length', 'wear', 'leg', 'sleeveless', 'pair', 'well', 'cardigan', 'love', 'shirt']",Style and Aesthetics,Cluster 2,Style and Aesthetics,Style and Aesthetics
5,1080,49,Not for the very petite,"I love tracy reese dresses, but this one is not for the very petite. i am just under 5 feet tall and usually wear a 0p in this brand. this dress was very pretty out of the package but its a lot of dress. the skirt is long and very full so it overwhelmed my small frame. not a stranger to alterations, shortening and narrowing the skirt would take away from the embellishment of the garment. i love the color and the idea of the style but it just did not work on me. i returned this dress.",2,0,4,General,Dresses,Dresses,"['love', 'traci', 'rees', 'dress', 'one', 'petit', 'feet', 'tall', 'usual', 'wear', 'p', 'brand', 'dress', 'pretti', 'packag', 'lot', 'dress', 'skirt', 'long', 'full', 'overwhelm', 'small', 'frame', 'stranger', 'alter', 'shorten', 'narrow', 'skirt', 'would', 'take', 'away', 'embellish', 'garment', 'love', 'color', 'idea', 'style', 'work', 'return', 'dress']",Style and Aesthetics,Cluster 1,Style and Aesthetics,Style and Aesthetics
6,858,39,Cagrcoal shimmer fun,"I aded this in my basket at hte last mintue to see what it would look like in person. (store pick up). i went with teh darkler color only because i am so pale :-) hte color is really gorgeous, and turns out it mathced everythiing i was trying on with it prefectly. it is a little baggy on me and hte xs is hte msallet size (bummer, no petite). i decided to jkeep it though, because as i said, it matvehd everything. my ejans, pants, and the 3 skirts i waas trying on (of which i ]kept all ) oops.",5,1,1,General Petite,Tops,Knits,"['ade', 'basket', 'hte', 'last', 'mintu', 'see', 'would', 'look', 'like', 'person', 'store', 'pick', 'went', 'teh', 'darkler', 'color', 'pale', 'hte', 'color', 'realli', 'gorgeou', 'turn', 'mathc', 'everythi', 'tri', 'prefectli', 'littl', 'baggi', 'hte', 'xs', 'hte', 'msallet', 'size', 'bummer', 'petit', 'decid', 'jkeep', 'though', 'said', 'matvehd', 'everyth', 'ejan', 'pant', 'skirt', 'waa', 'tri', 'kept', 'oop']",Style and Aesthetics,Cluster 3,Style and Aesthetics,Style and Aesthetics
7,858,39,"Shimmer, surprisingly goes with lots","I ordered this in carbon for store pick up, and had a ton of stuff (as always) to try on and used this top to pair (skirts and pants). everything went with it. the color is really nice charcoal with shimmer, and went well with pencil skirts, flare pants, etc. my only compaint is it is a bit big, sleeves are long and it doesn't go in petite. also a bit loose for me, but no xxs... so i kept it and wil ldecide later since the light color is already sold out in hte smallest size...",4,1,4,General Petite,Tops,Knits,"['order', 'carbon', 'store', 'pick', 'ton', 'stuff', 'alway', 'tri', 'use', 'top', 'pair', 'skirt', 'pant', 'everyth', 'went', 'color', 'realli', 'nice', 'charcoal', 'shimmer', 'went', 'well', 'pencil', 'skirt', 'flare', 'pant', 'etc', 'compaint', 'bit', 'big', 'sleev', 'long', 'doesnt', 'go', 'petit', 'also', 'bit', 'loos', 'xx', 'kept', 'wil', 'ldecid', 'later', 'sinc', 'light', 'color', 'alreadi', 'sold', 'hte', 'smallest', 'size']",Fit and Sizing,Cluster 2,Fit and Sizing,Style and Aesthetics
8,1077,24,Flattering,I love this dress. i usually get an xs but it runs a little snug in bust so i ordered up a size. very flattering and feminine with the usual retailer flair for style.,5,1,0,General,Dresses,Dresses,"['love', 'dress', 'usual', 'get', 'xs', 'run', 'littl', 'snug', 'bust', 'order', 'size', 'flatter', 'feminin', 'usual', 'retail', 'flair', 'style']",Fit and Sizing,Cluster 3,Style and Aesthetics,Fit and Sizing
9,1077,34,Such a fun dress!,"I'm 5""5' and 125 lbs. i ordered the s petite to make sure the length wasn't too long. i typically wear an xs regular in retailer dresses. if you're less busty (34b cup or smaller), a s petite will fit you perfectly (snug, but not tight). i love that i could dress it up for a party, or down for work. i love that the tulle is longer then the fabric underneath.",5,1,0,General,Dresses,Dresses,"['im', 'lb', 'order', 'petit', 'make', 'sure', 'length', 'wasnt', 'long', 'typic', 'wear', 'xs', 'regular', 'retail', 'dress', 'your', 'less', 'busti', 'b', 'cup', 'smaller', 'petit', 'fit', 'perfectli', 'snug', 'tight', 'love', 'could', 'dress', 'parti', 'work', 'love', 'tull', 'longer', 'fabric', 'underneath']",Fit and Sizing,Cluster 4,Fit and Sizing,Fit and Sizing
10,1077,53,Dress looks like it's made of cheap material,Dress runs small esp where the zipper area runs. i ordered the sp which typically fits me and it was very tight! the material on the top looks and feels very cheap that even just pulling on it will cause it to rip the fabric. pretty disappointed as it was going to be my christmas dress this year! needless to say it will be going back.,3,0,14,General,Dresses,Dresses,"['dress', 'run', 'small', 'esp', 'zipper', 'area', 'run', 'order', 'sp', 'typic', 'fit', 'tight', 'materi', 'top', 'look', 'feel', 'cheap', 'even', 'pull', 'caus', 'rip', 'fabric', 'pretti', 'disappoint', 'go', 'christma', 'dress', 'year', 'needless', 'say', 'go', 'back']",Fit and Sizing,Cluster 1,Fit and Sizing,Fit and Sizing
11,1095,39,,This dress is perfection! so pretty and flattering.,5,1,2,General Petite,Dresses,Dresses,"['dress', 'perfect', 'pretti', 'flatter']",Style and Aesthetics,Cluster 1,Style and Aesthetics,Style and Aesthetics
12,1095,53,Perfect!!!,"More and more i find myself reliant on the reviews written by savvy shoppers before me and for the most past, they are right on in their estimation of the product. in the case of this dress-if it had not been for the reveiws-i doubt i would have even tried this. the dress is beautifully made, lined and reminiscent of the old retailer quality. it is lined in the solid periwinkle-colored fabric that matches the outer fabric print. tts and very form-fitting. falls just above the knee and does not rid",5,1,2,General Petite,Dresses,Dresses,"['find', 'reliant', 'review', 'written', 'savvi', 'shopper', 'past', 'right', 'estim', 'product', 'case', 'dressif', 'reveiwsi', 'doubt', 'would', 'even', 'tri', 'dress', 'beauti', 'made', 'line', 'reminisc', 'old', 'retail', 'qualiti', 'line', 'solid', 'periwinklecolor', 'fabric', 'match', 'outer', 'fabric', 'print', 'tt', 'formfit', 'fall', 'knee', 'rid']",Style and Aesthetics,Cluster 1,Fabric and Material Quality,Style and Aesthetics
13,767,44,Runs big,"Bought the black xs to go under the larkspur midi dress because they didn't bother lining the skirt portion (grrrrrrrrrrr).
my stats are 34a-28/29-36 and the xs fit very smoothly around the chest and was flowy around my lower half, so i would say it's running big.
the straps are very pretty and it could easily be nightwear too.
i'm 5'6"" and it came to just below my knees.",5,1,0,Initmates,Intimate,Intimates,"['bought', 'black', 'xs', 'go', 'larkspur', 'midi', 'dress', 'didnt', 'bother', 'line', 'skirt', 'portion', 'grrrrrrrrrrr', 'stat', 'xs', 'fit', 'smoothli', 'around', 'chest', 'flowi', 'around', 'lower', 'half', 'would', 'say', 'run', 'big', 'strap', 'pretti', 'could', 'easili', 'nightwear', 'im', 'came', 'knee']",Fit and Sizing,Cluster 3,Fit and Sizing,Fit and Sizing
14,1077,50,Pretty party dress with some issues,This is a nice choice for holiday gatherings. i like that the length grazes the knee so it is conservative enough for office related gatherings. the size small fit me well - i am usually a size 2/4 with a small bust. in my opinion it runs small and those with larger busts will definitely have to size up (but then perhaps the waist will be too big). the problem with this dress is the quality. the fabrics are terrible. the delicate netting type fabric on the top layer of skirt got stuck in the zip,3,1,1,General,Dresses,Dresses,"['nice', 'choic', 'holiday', 'gather', 'like', 'length', 'graze', 'knee', 'conserv', 'enough', 'offic', 'relat', 'gather', 'size', 'small', 'fit', 'well', 'usual', 'size', 'small', 'bust', 'opinion', 'run', 'small', 'larger', 'bust', 'definit', 'size', 'perhap', 'waist', 'big', 'problem', 'dress', 'qualiti', 'fabric', 'terribl', 'delic', 'net', 'type', 'fabric', 'top', 'layer', 'skirt', 'got', 'stuck', 'zip']",Fit and Sizing,Cluster 1,Fit and Sizing,Fit and Sizing
15,1065,47,"Nice, but not for my body","I took these out of the package and wanted them to fit so badly, but i could tell before i put them on that they wouldn't. these are for an hour-glass figure. i am more straight up and down. the waist was way too small for my body shape and even if i sized up, i could tell they would still be tight in the waist and too roomy in the hips - for me. that said, they are really nice. sturdy, linen-like fabric, pretty color, well made. i hope they make someone very happy!",4,1,3,General,Bottoms,Pants,"['took', 'packag', 'want', 'fit', 'badli', 'could', 'tell', 'put', 'wouldnt', 'hourglass', 'figur', 'straight', 'waist', 'way', 'small', 'bodi', 'shape', 'even', 'size', 'could', 'tell', 'would', 'still', 'tight', 'waist', 'roomi', 'hip', 'said', 'realli', 'nice', 'sturdi', 'linenlik', 'fabric', 'pretti', 'color', 'well', 'made', 'hope', 'make', 'someon', 'happi']",Fit and Sizing,Cluster 5,Fit and Sizing,Fit and Sizing
16,1065,34,"You need to be at least average height, or taller","Material and color is nice.  the leg opening is very large.  i am 5'1 (100#) and the length hits me right above my ankle.  with a leg opening the size of my waist and hem line above my ankle, and front pleats to make me fluffy, i think you can imagine that it is not a flattering look.  if you are at least average height or taller, this may look good on you.",3,1,2,General,Bottoms,Pants,"['materi', 'color', 'nice', 'leg', 'open', 'larg', 'length', 'hit', 'right', 'ankl', 'leg', 'open', 'size', 'waist', 'hem', 'line', 'ankl', 'front', 'pleat', 'make', 'fluffi', 'think', 'imagin', 'flatter', 'look', 'least', 'averag', 'height', 'taller', 'may', 'look', 'good']",Style and Aesthetics,Cluster 5,Style and Aesthetics,Style and Aesthetics
17,853,41,Looks great with white pants,Took a chance on this blouse and so glad i did. i wasn't crazy about how the blouse is photographed on the model. i paired it whit white pants and it worked perfectly. crisp and clean is how i would describe it. launders well. fits great. drape is perfect. wear tucked in or out - can't go wrong.,5,1,0,General,Tops,Blouses,"['took', 'chanc', 'blous', 'glad', 'wasnt', 'crazi', 'blous', 'photograph', 'model', 'pair', 'whit', 'white', 'pant', 'work', 'perfectli', 'crisp', 'clean', 'would', 'describ', 'launder', 'well', 'fit', 'great', 'drape', 'perfect', 'wear', 'tuck', 'cant', 'go', 'wrong']",Style and Aesthetics,Cluster 2,Fit and Sizing,Style and Aesthetics
18,1120,32,Super cute and cozy,"A flattering, super cozy coat.  will work well for cold, dry days and will look good with jeans or a dressier outfit.  i am 5' 5'', about 135 and the small fits great.",5,1,0,General,Jackets,Outerwear,"['flatter', 'super', 'cozi', 'coat', 'work', 'well', 'cold', 'dri', 'day', 'look', 'good', 'jean', 'dressier', 'outfit', 'small', 'fit', 'great']",Fit and Sizing,Cluster 4,Style and Aesthetics,Comfort and Wearability
19,1077,47,Stylish and comfortable,"I love the look and feel of this tulle dress. i was looking for something different, but not over the top for new year's eve. i'm small chested and the top of this dress is form fitting for a flattering look. once i steamed the tulle, it was perfect! i ordered an xsp. length was perfect too.",5,1,0,General,Dresses,Dresses,"['love', 'look', 'feel', 'tull', 'dress', 'look', 'someth', 'differ', 'top', 'new', 'year', 'eve', 'im', 'small', 'chest', 'top', 'dress', 'form', 'fit', 'flatter', 'look', 'steam', 'tull', 'perfect', 'order', 'xsp', 'length', 'perfect']",Style and Aesthetics,Cluster 3,Style and Aesthetics,Style and Aesthetics
20,847,33,"Cute, crisp shirt","If this product was in petite, i would get the petite. the regular is a little long on me but a tailor can do a simple fix on that. 

fits nicely! i'm 5'4, 130lb and pregnant so i bough t medium to grow into. 

the tie can be front or back so provides for some nice flexibility on form fitting.",4,1,2,General,Tops,Blouses,"['product', 'petit', 'would', 'get', 'petit', 'regular', 'littl', 'long', 'tailor', 'simpl', 'fix', 'fit', 'nice', 'im', 'lb', 'pregnant', 'bough', 'medium', 'grow', 'tie', 'front', 'back', 'provid', 'nice', 'flexibl', 'form', 'fit']",Fit and Sizing,Cluster 4,Fit and Sizing,Fit and Sizing
21,1080,55,I'm torn!,"I'm upset because for the price of the dress, i thought it was embroidered! no, that is a print on the fabric. i think i cried a little when i opened the box. it is still ver pretty. i would say it is true to size, it is a tad bit big on me, but i am very tiny, but i can still get away with it. the color is vibrant. the style is unique. skirt portion is pretty poofy. i keep going back and forth on it mainly because of the price, although the quality is definitely there. except i wish it were emb",4,1,14,General,Dresses,Dresses,"['im', 'upset', 'price', 'dress', 'thought', 'embroid', 'print', 'fabric', 'think', 'cri', 'littl', 'open', 'box', 'still', 'ver', 'pretti', 'would', 'say', 'true', 'size', 'tad', 'bit', 'big', 'tini', 'still', 'get', 'away', 'color', 'vibrant', 'style', 'uniqu', 'skirt', 'portion', 'pretti', 'poofi', 'keep', 'go', 'back', 'forth', 'mainli', 'price', 'although', 'qualiti', 'definit', 'except', 'wish', 'emb']",Style and Aesthetics,Cluster 1,Style and Aesthetics,Style and Aesthetics
22,1077,31,Not what it looks like,"First of all, this is not pullover styling. there is a side zipper. i wouldn't have purchased it if i knew there was a side zipper because i have a large bust and side zippers are next to impossible for me.

second of all, the tulle feels and looks cheap and the slip has an awkward tight shape underneath.

not at all what is looks like or is described as. sadly will be returning, but i'm sure i will find something to exchange it for!",2,0,7,General,Dresses,Dresses,"['first', 'pullov', 'style', 'side', 'zipper', 'wouldnt', 'purchas', 'knew', 'side', 'zipper', 'larg', 'bust', 'side', 'zipper', 'next', 'imposs', 'second', 'tull', 'feel', 'look', 'cheap', 'slip', 'awkward', 'tight', 'shape', 'underneath', 'look', 'like', 'describ', 'sadli', 'return', 'im', 'sure', 'find', 'someth', 'exchang']",Style and Aesthetics,Cluster 3,Style and Aesthetics,Style and Aesthetics
23,1077,34,"Like it, but don't love it.","Cute little dress fits tts. it is a little high waisted. good length for my 5'9 height. i like the dress, i'm just not in love with it. i dont think it looks or feels cheap. it appears just as pictured.",3,1,0,General,Dresses,Dresses,"['cute', 'littl', 'dress', 'fit', 'tt', 'littl', 'high', 'waist', 'good', 'length', 'height', 'like', 'dress', 'im', 'love', 'dont', 'think', 'look', 'feel', 'cheap', 'appear', 'pictur']",Fit and Sizing,Cluster 1,Fit and Sizing,Fit and Sizing
24,847,55,Versatile,"I love this shirt because when i first saw it, i wasn't sure if it was a shirt or dress. since it is see-through if you wear it like a dress you will need a slip or wear it with leggings. i bought a slip, wore the tie in the back, and rocked it with white wedges. you could also wear it as a vest. be careful with the buttons. i haven't had any fall off yet, but i feel like they will. overall it's great for any occasion and it's fun to wear!",5,1,0,General,Tops,Blouses,"['love', 'shirt', 'first', 'saw', 'wasnt', 'sure', 'shirt', 'dress', 'sinc', 'seethrough', 'wear', 'like', 'dress', 'need', 'slip', 'wear', 'leg', 'bought', 'slip', 'wore', 'tie', 'back', 'rock', 'white', 'wedg', 'could', 'also', 'wear', 'vest', 'care', 'button', 'havent', 'fall', 'yet', 'feel', 'like', 'overal', 'great', 'occas', 'fun', 'wear']",Fit and Sizing,Cluster 2,Style and Aesthetics,Fit and Sizing
25,697,31,Falls flat,"Loved the material, but i didnt really look at how long the dress was before i purchased both a large and a medium. im 5'5"" and there was atleast 5"" of material at my feet. the gaps in the front are much wider than they look. felt like the dress just fell flat. both were returned. im usually a large and the med fit better. 36d 30 in jeans",3,0,0,Initmates,Intimate,Lounge,"['love', 'materi', 'didnt', 'realli', 'look', 'long', 'dress', 'purchas', 'larg', 'medium', 'im', 'atleast', 'materi', 'feet', 'gap', 'front', 'much', 'wider', 'look', 'felt', 'like', 'dress', 'fell', 'flat', 'return', 'im', 'usual', 'larg', 'med', 'fit', 'better', 'jean']",Fit and Sizing,Cluster 1,Style and Aesthetics,Fit and Sizing
26,949,33,Huge disappointment,I have been waiting for this sweater coat to ship for weeks and i was so excited for it to arrive. this coat is not true to size and made me look short and squat. the sleeves are very wide (although long). as a light weight fall coat the sleeves don't need to be as wide because you wouldn't be layerng too much underneath. the buttons need to be moved at least three inches in for a nicer fit. i thought about redoing the buttons myself but the sleeves looked even more out of proportion with a tigh,2,0,0,General,Tops,Sweaters,"['wait', 'sweater', 'coat', 'ship', 'week', 'excit', 'arriv', 'coat', 'true', 'size', 'made', 'look', 'short', 'squat', 'sleev', 'wide', 'although', 'long', 'light', 'weight', 'fall', 'coat', 'sleev', 'dont', 'need', 'wide', 'wouldnt', 'layerng', 'much', 'underneath', 'button', 'need', 'move', 'least', 'three', 'inch', 'nicer', 'fit', 'thought', 'redo', 'button', 'sleev', 'look', 'even', 'proport', 'tigh']",Fit and Sizing,Cluster 2,Fit and Sizing,Fit and Sizing
27,1003,31,"Loved, but returned","The colors weren't what i expected either. the dark blue is much more vibrant and i just couldn't find anything to really go with it. fabric is thick and good quality. has nice weight and movement to it. the skirt just wasn't for me, in the end.",4,1,0,General,Bottoms,Skirts,"['color', 'werent', 'expect', 'either', 'dark', 'blue', 'much', 'vibrant', 'couldnt', 'find', 'anyth', 'realli', 'go', 'fabric', 'thick', 'good', 'qualiti', 'nice', 'weight', 'movement', 'skirt', 'wasnt', 'end']",Style and Aesthetics,Cluster 5,Fabric and Material Quality,Style and Aesthetics
28,684,53,Great shirt!!!,I have several of goodhyouman shirts and i get so many compliments on them. especially the one that says forehead kisses are underrated. don't hesitate. buy this shirt. you won't be sorry.....,5,1,2,Initmates,Intimate,Lounge,"['sever', 'goodhyouman', 'shirt', 'get', 'mani', 'compliment', 'especi', 'one', 'say', 'forehead', 'kiss', 'underr', 'dont', 'hesit', 'buy', 'shirt', 'wont', 'sorri']",Style and Aesthetics,Cluster 2,Style and Aesthetics,Style and Aesthetics
29,4,28,Great layering piece,"This sweater is so comfy and classic - it balances a quirky hand-knit look with a beautiful color and practical fit. it is a bit cropped and boxy as part of the style, and as others mentioned, there are gaps in the knit that make it see-through. in my opinion this makes it perfect for layering! i like having a longer camisole showing underneath, or wearing it over a little dress. it's warm but still thin enough to fit under a jacket or coat.",5,1,0,General,Tops,Sweaters,"['sweater', 'comfi', 'classic', 'balanc', 'quirki', 'handknit', 'look', 'beauti', 'color', 'practic', 'fit', 'bit', 'crop', 'boxi', 'part', 'style', 'other', 'mention', 'gap', 'knit', 'make', 'seethrough', 'opinion', 'make', 'perfect', 'layer', 'like', 'longer', 'camisol', 'show', 'underneath', 'wear', 'littl', 'dress', 'warm', 'still', 'thin', 'enough', 'fit', 'jacket', 'coat']",Style and Aesthetics,Cluster 2,Style and Aesthetics,Fabric and Material Quality
30,1060,33,,Beautifully made pants and on trend with the flared crop. so much cuter in person. love these!,5,1,0,General Petite,Bottoms,Pants,"['beauti', 'made', 'pant', 'trend', 'flare', 'crop', 'much', 'cuter', 'person', 'love']",Style and Aesthetics,Cluster 5,Style and Aesthetics,Style and Aesthetics
31,1060,46,Cuter in oerson!,"I never would have given these pants a second look online, in person they are much cuter! the stripes are brighter and the fit more flattering. the crop has a cute flare which is right on trend. this brand has always run small for me, i am 5'8 about 140lbs and carry some chubbiness in the belly. i paired it with a collarless loose navy blazer",5,1,7,General Petite,Bottoms,Pants,"['never', 'would', 'given', 'pant', 'second', 'look', 'onlin', 'person', 'much', 'cuter', 'stripe', 'brighter', 'fit', 'flatter', 'crop', 'cute', 'flare', 'right', 'trend', 'brand', 'alway', 'run', 'small', 'lb', 'carri', 'chubbi', 'belli', 'pair', 'collarless', 'loos', 'navi', 'blazer']",Style and Aesthetics,Cluster 5,Style and Aesthetics,Style and Aesthetics
32,1060,21,Love these pants,These pants are even better in person. the only downside is that they need to be dry cleaned.,5,1,0,General Petite,Bottoms,Pants,"['pant', 'even', 'better', 'person', 'downsid', 'need', 'dri', 'clean']",Occasion and Use Case,Cluster 5,Occasion and Use Case,Comfort and Wearability
33,949,36,Mehh,"I ordered this 3 months ago, and it finally came off back order. a huge disappointment. the fit wasn&#39;t so much the issue for me. the quality of the wool is subpar. someone else mentioned a &quot;felted wool&quot;...i guess, is that what you call it?  it does literally feel like felt! super thin, itchy, doesn&#39;t drape very well, and feels cheap (made in china). i got it on sale, but still not worth what i paid. definitely going back.",2,0,0,General,Tops,Sweaters,"['order', 'month', 'ago', 'final', 'came', 'back', 'order', 'huge', 'disappoint', 'fit', 'wasnt', 'much', 'issu', 'qualiti', 'wool', 'subpar', 'someon', 'els', 'mention', 'quotfelt', 'woolquoti', 'guess', 'call', 'liter', 'feel', 'like', 'felt', 'super', 'thin', 'itchi', 'doesnt', 'drape', 'well', 'feel', 'cheap', 'made', 'china', 'got', 'sale', 'still', 'worth', 'paid', 'definit', 'go', 'back']",Fabric and Material Quality,Cluster 2,Fabric and Material Quality,Fabric and Material Quality
34,697,39,Love this dress!,"This is such a neat dress. the color is great and the fabric is super soft. i am tall so the long length was an added bonus. it definitely needs something underneath since the front gaps. i am going to pair it with a funky tank top, necklaces and boots. super cute!!",5,1,0,Initmates,Intimate,Lounge,"['neat', 'dress', 'color', 'great', 'fabric', 'super', 'soft', 'tall', 'long', 'length', 'ad', 'bonu', 'definit', 'need', 'someth', 'underneath', 'sinc', 'front', 'gap', 'go', 'pair', 'funki', 'tank', 'top', 'necklac', 'boot', 'super', 'cute']",Style and Aesthetics,Cluster 1,Style and Aesthetics,Style and Aesthetics
35,1060,65,Lovely!,"Wouldn't have given them a second look but tried them on in store of a whim. love, love!!",4,1,3,General Petite,Bottoms,Pants,"['wouldnt', 'given', 'second', 'look', 'tri', 'store', 'whim', 'love', 'love']",Style and Aesthetics,Cluster 5,Style and Aesthetics,Style and Aesthetics
36,1002,29,,"This is a comfortable skirt that can span seasons easily. while not the most exciting design, it is a good work skirt that can be paired with many tops.",4,1,5,General,Bottoms,Skirts,"['comfort', 'skirt', 'span', 'season', 'easili', 'excit', 'design', 'good', 'work', 'skirt', 'pair', 'mani', 'top']",Style and Aesthetics,Cluster 1,Style and Aesthetics,Style and Aesthetics
37,949,38,Beautifully cut lightweight coat,"Just ordered this in a small for me (5'6"", 135, size 4) and medium for my mom (5'3"", 130, size 8) and it is gorgeous - beautifully draped, all the weight/warmth i'll need for houston fall and winter, looks polished snapped or unsnapped. age-appropriate for both my mom (60's) and myself (30's). will look amazing with skinny jeans or leggings. we ordered the gray which is true to the photos.",5,1,1,General,Tops,Sweaters,"['order', 'small', 'size', 'medium', 'mom', 'size', 'gorgeou', 'beauti', 'drape', 'weightwarmth', 'ill', 'need', 'houston', 'fall', 'winter', 'look', 'polish', 'snap', 'unsnap', 'ageappropri', 'mom', 'look', 'amaz', 'skinni', 'jean', 'leg', 'order', 'gray', 'true', 'photo']",Fit and Sizing,Cluster 4,Style and Aesthetics,Fit and Sizing
38,684,36,,Super cute and comfy pull over. sizing is accurate. material has a little bit of stretch.,5,1,2,Initmates,Intimate,Lounge,"['super', 'cute', 'comfi', 'pull', 'size', 'accur', 'materi', 'littl', 'bit', 'stretch']",Fit and Sizing,Cluster 4,Style and Aesthetics,Comfort and Wearability
39,862,59,,Great casual top with flare. looks cute with grey pilcro stet jeans. flattering with peplum in back. nice cut for shoulders and neckline.,5,1,0,General,Tops,Knits,"['great', 'casual', 'top', 'flare', 'look', 'cute', 'grey', 'pilcro', 'stet', 'jean', 'flatter', 'peplum', 'back', 'nice', 'cut', 'shoulder', 'necklin']",Style and Aesthetics,Cluster 6,Style and Aesthetics,Style and Aesthetics
40,862,47,,"Pretty and unique. great with jeans or i have worn it to work with slacks and heels. the colors, print, and embroidery are lovely. reasonably priced!",4,1,1,General,Tops,Knits,"['pretti', 'uniqu', 'great', 'jean', 'worn', 'work', 'slack', 'heel', 'color', 'print', 'embroideri', 'love', 'reason', 'price']",Style and Aesthetics,Cluster 2,Style and Aesthetics,Style and Aesthetics
41,862,40,,"This is a beautiful top. it's unique and not so ordinary. i bought my usual medium and i found that it fits tight across my chest. although i had a baby this year and i am nursing, so that could be why. if i bought again i would size up.",5,1,0,General,Tops,Knits,"['beauti', 'top', 'uniqu', 'ordinari', 'bought', 'usual', 'medium', 'found', 'fit', 'tight', 'across', 'chest', 'although', 'babi', 'year', 'nurs', 'could', 'bought', 'would', 'size']",Fit and Sizing,Cluster 6,Fit and Sizing,Style and Aesthetics
42,910,23,Soft & lovely,"This poncho is so cute i love the plaid check design, the colors look like sorbet & cream and it will pair well with a turtleneck and jeans or pencil skirt and heels. i love this look for fall and it can roll right into spring. great buy!!",5,1,0,General,Tops,Fine gauge,"['poncho', 'cute', 'love', 'plaid', 'check', 'design', 'color', 'look', 'like', 'sorbet', 'cream', 'pair', 'well', 'turtleneck', 'jean', 'pencil', 'skirt', 'heel', 'love', 'look', 'fall', 'roll', 'right', 'spring', 'great', 'buy']",Style and Aesthetics,Cluster 1,Style and Aesthetics,Style and Aesthetics
43,89,67,Some things you should know...,"First, this is thermal ,so naturally i didn't expect super sheer, but it is. really sheer light fabric. i like it, but be prepared for considering who you might run into if you walk around the house in it. second, it is large. i ordered the size 0 and it's a nice oversized fit for my 5'3"" 125 pounds. i wouldn't want to go larger. along with being sheer, the fabric is easily stretched, which i don't mind in this case. finally, the color. it looks white on my monitor and shows a colorful blue dot",4,1,1,Initmates,Intimate,Sleep,"['first', 'thermal', 'natur', 'didnt', 'expect', 'super', 'sheer', 'realli', 'sheer', 'light', 'fabric', 'like', 'prepar', 'consid', 'might', 'run', 'walk', 'around', 'hous', 'second', 'larg', 'order', 'size', 'nice', 'overs', 'fit', 'pound', 'wouldnt', 'want', 'go', 'larger', 'along', 'sheer', 'fabric', 'easili', 'stretch', 'dont', 'mind', 'case', 'final', 'color', 'look', 'white', 'monitor', 'show', 'color', 'blue', 'dot']",Style and Aesthetics,Cluster 2,Style and Aesthetics,Fabric and Material Quality
44,862,48,Beautiful!,"Tried this on today at my local retailer and had to have it. it is so comfortable and flattering. it's too bad the picture online has the model tucking it into the skirt because you can't see the ruching across the front. a little dressier alternative to a plain tee and reasonably priced for retailer. 5'8"""" and i generally wear a 6, the small fit well. will probably be back for the black!",5,1,9,General,Tops,Knits,"['tri', 'today', 'local', 'retail', 'comfort', 'flatter', 'bad', 'pictur', 'onlin', 'model', 'tuck', 'skirt', 'cant', 'see', 'ruch', 'across', 'front', 'littl', 'dressier', 'altern', 'plain', 'tee', 'reason', 'price', 'retail', 'gener', 'wear', 'small', 'fit', 'well', 'probabl', 'back', 'black']",Style and Aesthetics,Cluster 4,Fit and Sizing,Style and Aesthetics
45,862,43,Love the two tone design,I bought this item from online... the fit on the model looked a little loose but when i got mine it seemed a bit tight! so i took it back to the store & ordered a larger size. for the sale price this is a great top.,4,1,0,General,Tops,Knits,"['bought', 'item', 'onlin', 'fit', 'model', 'look', 'littl', 'loos', 'got', 'mine', 'seem', 'bit', 'tight', 'took', 'back', 'store', 'order', 'larger', 'size', 'sale', 'price', 'great', 'top']",Fit and Sizing,Cluster 6,Fit and Sizing,Style and Aesthetics
46,862,40,,I love this top. i wear it all the time.  the problem is that you can tell i wear it all the time as the fabric has started to fade.  i'd still recommend it as it is so comfortable.,5,1,0,General,Tops,Knits,"['love', 'top', 'wear', 'time', 'problem', 'tell', 'wear', 'time', 'fabric', 'start', 'fade', 'id', 'still', 'recommend', 'comfort']",Fabric and Material Quality,Cluster 6,Fabric and Material Quality,Fabric and Material Quality
47,823,52,,"Very comfortable, material is good, cut out on sleeves flattering",5,1,0,General,Tops,Blouses,"['comfort', 'materi', 'good', 'cut', 'sleev', 'flatter']",Comfort and Wearability,Cluster 2,Style and Aesthetics,Comfort and Wearability
48,910,56,Love the color!,"This sweater is perfect for fall...it's roomy, warm, super comfy and the color really pops.",5,1,0,General,Tops,Fine gauge,"['sweater', 'perfect', 'fallit', 'roomi', 'warm', 'super', 'comfi', 'color', 'realli', 'pop']",Comfort and Wearability,Cluster 2,Style and Aesthetics,Comfort and Wearability
49,862,33,Love the embroidery!,"Really cute top! the embroidery on the collar & bib of this top is beautiful and unique, received lots of compliments & questions about where i got it. i'm rather busty up top and the medium fit well, a small probably would've fit better but it's still super adorable.",5,1,0,General,Tops,Knits,"['realli', 'cute', 'top', 'embroideri', 'collar', 'bib', 'top', 'beauti', 'uniqu', 'receiv', 'lot', 'compliment', 'question', 'got', 'im', 'rather', 'busti', 'top', 'medium', 'fit', 'well', 'small', 'probabl', 'wouldv', 'fit', 'better', 'still', 'super', 'ador']",Style and Aesthetics,Cluster 6,Style and Aesthetics,Style and Aesthetics
50,862,46,Cute for fall,"This is a cute top that can transition easily from summer to fall. it fits well, nice print and it's comfortable. i tried this on in the store, but did not purchase it because the color washed me out. this is not the best color for a blonde. would look much better on a brunette. if this was in a different color i most likely would have purchased it.",4,1,1,General,Tops,Knits,"['cute', 'top', 'transit', 'easili', 'summer', 'fall', 'fit', 'well', 'nice', 'print', 'comfort', 'tri', 'store', 'purchas', 'color', 'wash', 'best', 'color', 'blond', 'would', 'look', 'much', 'better', 'brunett', 'differ', 'color', 'like', 'would', 'purchas']",Style and Aesthetics,Cluster 6,Style and Aesthetics,Style and Aesthetics
51,862,41,Love,"I absolutely love this bib tee! it's probably my favorite retailer purchase of all time. i'm 5'7"", 140 pounds and the small was a perfect fit for me. i typically wear either a s or m tops.",5,1,2,General,Tops,Knits,"['absolut', 'love', 'bib', 'tee', 'probabl', 'favorit', 'retail', 'purchas', 'time', 'im', 'pound', 'small', 'perfect', 'fit', 'typic', 'wear', 'either', 'top']",Fit and Sizing,Cluster 4,Fit and Sizing,Fit and Sizing
52,1104,39,,"Love the color and style, but material snags easily",3,1,3,General,Dresses,Dresses,"['love', 'color', 'style', 'materi', 'snag', 'easili']",Fabric and Material Quality,Cluster 6,Style and Aesthetics,Fabric and Material Quality
53,862,39,Flattering and comfortable,"Very soft and comfortable. the shirt has an unusual, asymmetrical seam that appears along the front, right-hand side of the garment. (the model is positioned so that you can't see this detail from the picture. i attached a picture that includes the front seam.) i actually like the seam - it creates more visual interest, and adds a little bit of ruching that helps hide my belly. the cowl neck is very well done - there are two layers that form the cowl, and i've found that it means wardrobe malfun",5,1,34,General,Tops,Knits,"['soft', 'comfort', 'shirt', 'unusu', 'asymmetr', 'seam', 'appear', 'along', 'front', 'righthand', 'side', 'garment', 'model', 'posit', 'cant', 'see', 'detail', 'pictur', 'attach', 'pictur', 'includ', 'front', 'seam', 'actual', 'like', 'seam', 'creat', 'visual', 'interest', 'add', 'littl', 'bit', 'ruch', 'help', 'hide', 'belli', 'cowl', 'neck', 'well', 'done', 'two', 'layer', 'form', 'cowl', 'ive', 'found', 'mean', 'wardrob', 'malfun']",Fabric and Material Quality,Cluster 2,Comfort and Wearability,Fabric and Material Quality
54,862,66,Cute top,"Nice top. armholes are a bit oversized but as an older woman, i'm picky about that. the print is pretty and unusual. it just didn't look great on me. there's a slight peplum in the back that hangs nicely. it's a lightweight tee fabric that's opaque. i tried it on with a black bra which was barely visible. great for warmer climates but there are so many gorgeous tops out now, that i decided to return since summer is winding down. i do recommend.",4,1,2,General,Tops,Knits,"['nice', 'top', 'armhol', 'bit', 'overs', 'older', 'woman', 'im', 'picki', 'print', 'pretti', 'unusu', 'didnt', 'look', 'great', 'there', 'slight', 'peplum', 'back', 'hang', 'nice', 'lightweight', 'tee', 'fabric', 'that', 'opaqu', 'tri', 'black', 'bra', 'bare', 'visibl', 'great', 'warmer', 'climat', 'mani', 'gorgeou', 'top', 'decid', 'return', 'sinc', 'summer', 'wind', 'recommend']",Style and Aesthetics,Cluster 6,Style and Aesthetics,Style and Aesthetics
55,862,61,Soft and cute as can be!,This is an adorable top that i find to be extremely comfortable. i don't usually buy prints but this one is so feminine and looks great with dark wash jeans. i am a 36d and the medium was a perfect fit.,5,1,2,General,Tops,Knits,"['ador', 'top', 'find', 'extrem', 'comfort', 'dont', 'usual', 'buy', 'print', 'one', 'feminin', 'look', 'great', 'dark', 'wash', 'jean', 'medium', 'perfect', 'fit']",Style and Aesthetics,Cluster 3,Style and Aesthetics,Style and Aesthetics
56,368,33,,"I am pregnant and i thought this would be a great sleep bra. it's soft and fits okay, but it has zero support or shape. i would only buy if you are a b cup or smaller and can get away without support. if i would have seen this is the store, i would have passed over it. however, i was too lazy to return so i am wearing it. it's comfortable so that's a redeeming quality. i would not recommend for larger chested ladies, though!",2,0,3,Initmates,Intimate,Intimates,"['pregnant', 'thought', 'would', 'great', 'sleep', 'bra', 'soft', 'fit', 'okay', 'zero', 'support', 'shape', 'would', 'buy', 'b', 'cup', 'smaller', 'get', 'away', 'without', 'support', 'would', 'seen', 'store', 'would', 'pass', 'howev', 'lazi', 'return', 'wear', 'comfort', 'that', 'redeem', 'qualiti', 'would', 'recommend', 'larger', 'chest', 'ladi', 'though']",Comfort and Wearability,Cluster 3,Fabric and Material Quality,Comfort and Wearability
57,862,31,"Boring front, great back",This tank fit well and i loved the ruffle in the back and how it layed. but the front was not a good look and i will be retuning it.,3,0,0,General,Tops,Knits,"['tank', 'fit', 'well', 'love', 'ruffl', 'back', 'lay', 'front', 'good', 'look', 'retun']",Style and Aesthetics,Cluster 6,Style and Aesthetics,Style and Aesthetics
58,1095,36,,"I got this in the petite length, size o, and it fit just right. i like that i didn't have to have it altered in the length; can wear with flats with plenty of clearance to the floor from the bottom hem. my only beef with the design is the height of the waist. i personally think that the elastic waistband looks cheap, and really needs to be concealed with a belt, yet because it sits so high, literally right under the bustline, it's a tricky one to pull off. i have a wide belt that sort of does th",4,1,0,General Petite,Dresses,Dresses,"['got', 'petit', 'length', 'size', 'fit', 'right', 'like', 'didnt', 'alter', 'length', 'wear', 'flat', 'plenti', 'clearanc', 'floor', 'bottom', 'hem', 'beef', 'design', 'height', 'waist', 'person', 'think', 'elast', 'waistband', 'look', 'cheap', 'realli', 'need', 'conceal', 'belt', 'yet', 'sit', 'high', 'liter', 'right', 'bustlin', 'tricki', 'one', 'pull', 'wide', 'belt', 'sort', 'th']",Fit and Sizing,Cluster 4,Fit and Sizing,Fit and Sizing
59,368,52,Soft and comfortable,"I've been looking for bralettes that provide some support but not binding/tight for night time and casual wear. this is a light weight bra, could be a little more supportive. pretty color, with nice lines. only downside is the retailer tag on the back - itchy (i need to remove it.)",4,1,1,Initmates,Intimate,Intimates,"['ive', 'look', 'bralett', 'provid', 'support', 'bindingtight', 'night', 'time', 'casual', 'wear', 'light', 'weight', 'bra', 'could', 'littl', 'support', 'pretti', 'color', 'nice', 'line', 'downsid', 'retail', 'tag', 'back', 'itchi', 'need', 'remov']",Comfort and Wearability,Cluster 3,Style and Aesthetics,Comfort and Wearability
60,1095,41,Gorgeous dress!,"This dress is simply beautiful and stunning. it is so figure flattering and i can't wait to wear it. size small worked for me, and since i'm tall it fell right to my ankle which is perfect for me. i could not be happier with the purchase and the keyhole in the back is a beautiful detail.",5,1,0,General Petite,Dresses,Dresses,"['dress', 'simpli', 'beauti', 'stun', 'figur', 'flatter', 'cant', 'wait', 'wear', 'size', 'small', 'work', 'sinc', 'im', 'tall', 'fell', 'right', 'ankl', 'perfect', 'could', 'happier', 'purchas', 'keyhol', 'back', 'beauti', 'detail']",Style and Aesthetics,Cluster 1,Style and Aesthetics,Style and Aesthetics
61,368,36,Itchy tags,"3 tags sewn in, 2 small (about 1'' long) and 1 huge (about 2'' x 3''). very itchy so i cut them out. then the thread left behind was plasticy and even more itchy! how can you make an intimates item with such itchy tags? not comfortable at all! also - i love bralettes and wear them all the time including to work. i am a b cup. however, this one is so thin and flimsy that it gives no support even to a b cup - so for me this would only be a lounging bralette - if it wasn't so itchy!",1,0,0,Initmates,Intimate,Intimates,"['tag', 'sewn', 'small', 'long', 'huge', 'x', 'itchi', 'cut', 'thread', 'left', 'behind', 'plastici', 'even', 'itchi', 'make', 'intim', 'item', 'itchi', 'tag', 'comfort', 'also', 'love', 'bralett', 'wear', 'time', 'includ', 'work', 'b', 'cup', 'howev', 'one', 'thin', 'flimsi', 'give', 'support', 'even', 'b', 'cup', 'would', 'loung', 'bralett', 'wasnt', 'itchi']",Comfort and Wearability,Cluster 2,Comfort and Wearability,Comfort and Wearability
62,862,28,Must have,I recently got this on sale after looking at it forever on my wish list. i'm so happy with it. its very comfortable and just long enough for my torso (5'3). the pattern on the front is very flattering.,5,1,0,General,Tops,Knits,"['recent', 'got', 'sale', 'look', 'forev', 'wish', 'list', 'im', 'happi', 'comfort', 'long', 'enough', 'torso', 'pattern', 'front', 'flatter']",Style and Aesthetics,Cluster 3,Style and Aesthetics,Style and Aesthetics
63,862,57,Cute top! love the brand,"Very comfortable shirt, light weight top with lovely floral colors. great for spring/summer with white jeans. love everything one september makes!",5,1,1,General,Tops,Knits,"['comfort', 'shirt', 'light', 'weight', 'top', 'love', 'floral', 'color', 'great', 'springsumm', 'white', 'jean', 'love', 'everyth', 'one', 'septemb', 'make']",Style and Aesthetics,Cluster 2,Style and Aesthetics,Fabric and Material Quality
64,862,43,Love this top,Loved this top and was really happy to find it on sale!,5,1,0,General,Tops,Knits,"['love', 'top', 'realli', 'happi', 'find', 'sale']",Style and Aesthetics,Cluster 6,Style and Aesthetics,Style and Aesthetics
65,862,58,,"Beautiful top, but delicate! i wore it to school and the straps on my backpack caused some pilling. other than that it is beautiful and vibrant! just make sure you aren't doing/wearing anything that will rub it continuously since the fabric is delicate",4,1,2,General,Tops,Knits,"['beauti', 'top', 'delic', 'wore', 'school', 'strap', 'backpack', 'caus', 'pill', 'beauti', 'vibrant', 'make', 'sure', 'arent', 'doingwear', 'anyth', 'rub', 'continu', 'sinc', 'fabric', 'delic']",Fabric and Material Quality,Cluster 6,Fabric and Material Quality,Style and Aesthetics
66,862,60,Super cute and unique top,"Just received this in the mail, tried it on and am smitten. i'm usually a l, but sometimes i'm a xl (if no stretch), in retailer tops. i bought this one in l and i'm sure glad i did. very flowy, stretchy and comfortable. i also bought the meda lace top from one september and they are very similar expect this is more of a t-shirt and the other is more of a blouse. i almost think i could've gotten a m in this because there is a lot of extra fabric at the chest which is usually never the issue for me",4,1,9,General,Tops,Knits,"['receiv', 'mail', 'tri', 'smitten', 'im', 'usual', 'l', 'sometim', 'im', 'xl', 'stretch', 'retail', 'top', 'bought', 'one', 'l', 'im', 'sure', 'glad', 'flowi', 'stretchi', 'comfort', 'also', 'bought', 'meda', 'lace', 'top', 'one', 'septemb', 'similar', 'expect', 'tshirt', 'blous', 'almost', 'think', 'couldv', 'gotten', 'lot', 'extra', 'fabric', 'chest', 'usual', 'never', 'issu']",Comfort and Wearability,Cluster 2,Fabric and Material Quality,Comfort and Wearability
67,862,40,Beautiful top,"Love this top! i kept eyeing it online and wavering on size, since my post-baby body is a little wonky. i went with the xsp, and miraculously, it works perfectly! so, i would say it does run just a little large..... i love the length, and usually do not go with petite sizes at retailer because i like the longer lengths of the regular. but this is perfect on me, and there is give up top, so it looks lovely. and it is very soft and comfortable. this will be a go-to top this season!",5,1,1,General,Tops,Knits,"['love', 'top', 'kept', 'eye', 'onlin', 'waver', 'size', 'sinc', 'postbabi', 'bodi', 'littl', 'wonki', 'went', 'xsp', 'miracul', 'work', 'perfectli', 'would', 'say', 'run', 'littl', 'larg', 'love', 'length', 'usual', 'go', 'petit', 'size', 'retail', 'like', 'longer', 'length', 'regular', 'perfect', 'give', 'top', 'look', 'love', 'soft', 'comfort', 'goto', 'top', 'season']",Fit and Sizing,Cluster 3,Fit and Sizing,Fit and Sizing
68,862,37,I wanted to love this top...,"I really loved this top online and wanted to love it in person. it is soft and the patter is okay in person. the neckline is higher than i am used to. also, there are two buttons in the back that must be unbuttoned in order to wear the top. it is difficult to button them behind your neck with the top on. unfortunately i had to return this item...",2,0,0,General,Tops,Knits,"['realli', 'love', 'top', 'onlin', 'want', 'love', 'person', 'soft', 'patter', 'okay', 'person', 'necklin', 'higher', 'use', 'also', 'two', 'button', 'back', 'must', 'unbutton', 'order', 'wear', 'top', 'difficult', 'button', 'behind', 'neck', 'top', 'unfortun', 'return', 'item']",Comfort and Wearability,Cluster 6,Fabric and Material Quality,Comfort and Wearability
69,1078,56,Great summer fabric!,"I really wanted this to work. alas, it had a strange fit for me. the straps would not stay up, and it had a weird fit under the breast. it worked standing up, but the minute i sat down it fell off my shoulders. the fabric was beautiful! and i loved that it had pockets.",3,0,1,General Petite,Dresses,Dresses,"['realli', 'want', 'work', 'ala', 'strang', 'fit', 'strap', 'would', 'stay', 'weird', 'fit', 'breast', 'work', 'stand', 'minut', 'sat', 'fell', 'shoulder', 'fabric', 'beauti', 'love', 'pocket']",Fit and Sizing,Cluster 3,Fit and Sizing,Comfort and Wearability
70,845,38,"Cute, but massive sweep","This top is so cute, but it is massively babydoll shaped (a- line) which is not apparent from the pictures. i measured the xs i have and the chest is about 42"" and sweep is over 70"". i would definitely keep this top if it hung straighter. the craftsmanship is lovely and fabric is so natural and handwoven looking. i'm thinking about asking my tailor if she can take the sides in, but that might ruin it as the fabric layout is cut and proportioned to this swing style.",4,1,10,General Petite,Tops,Blouses,"['top', 'cute', 'massiv', 'babydol', 'shape', 'line', 'appar', 'pictur', 'measur', 'xs', 'chest', 'sweep', 'would', 'definit', 'keep', 'top', 'hung', 'straighter', 'craftsmanship', 'love', 'fabric', 'natur', 'handwoven', 'look', 'im', 'think', 'ask', 'tailor', 'take', 'side', 'might', 'ruin', 'fabric', 'layout', 'cut', 'proport', 'swing', 'style']",Style and Aesthetics,Cluster 3,Style and Aesthetics,Style and Aesthetics
71,822,36,Short and boxy,"Why do designers keep making crop tops??!! i can't imagine this would be flattering on anyone, especially someone average height and well endowed on top. i looked like a football player. the pattern and fabric are gorgeous, so if you are like 4' tall and super tiny and can fit xxs this may work? i am between a 6-8 and fit a small and it was huge on me and almost was bigger at the bottom than the top. such a weird cut. there is a cami underneath so if it rides up that will show but that is so 80s",2,0,0,General,Tops,Blouses,"['design', 'keep', 'make', 'crop', 'top', 'cant', 'imagin', 'would', 'flatter', 'anyon', 'especi', 'someon', 'averag', 'height', 'well', 'endow', 'top', 'look', 'like', 'footbal', 'player', 'pattern', 'fabric', 'gorgeou', 'like', 'tall', 'super', 'tini', 'fit', 'xx', 'may', 'work', 'fit', 'small', 'huge', 'almost', 'bigger', 'bottom', 'top', 'weird', 'cut', 'cami', 'underneath', 'ride', 'show']",Style and Aesthetics,Cluster 2,Style and Aesthetics,Style and Aesthetics
72,850,27,Beautiful design,"I have a short torso and this works well for me. 34c, bought the 0. there's not much stretch to the fabric so it is fitted to my chest, but not in an uncomfortable way. definitely doesn't hang and have extra fabric like on the model. 

zipper goes almost all the way down to the bottom so it's easier to get on and off which makes up for the lack of stretch n the fabric.

unlike another reviewer, i found it went really well with navy pants and i wore it to a business meeting under a blazer. wi",5,1,4,General,Tops,Blouses,"['short', 'torso', 'work', 'well', 'c', 'bought', 'there', 'much', 'stretch', 'fabric', 'fit', 'chest', 'uncomfort', 'way', 'definit', 'doesnt', 'hang', 'extra', 'fabric', 'like', 'model', 'zipper', 'goe', 'almost', 'way', 'bottom', 'easier', 'get', 'make', 'lack', 'stretch', 'n', 'fabric', 'unlik', 'anoth', 'review', 'found', 'went', 'realli', 'well', 'navi', 'pant', 'wore', 'busi', 'meet', 'blazer', 'wi']",Fit and Sizing,Cluster 4,Fabric and Material Quality,Comfort and Wearability
73,866,47,,"I love this top. it is loose and comfortable. it is not sheer so you don't need a cami. it runs a little large so size down if you want a more tailored fit. 1 criticism, it catches on sharp jewelry or belts and can pull if you are not careful.",4,1,0,General Petite,Tops,Knits,"['love', 'top', 'loos', 'comfort', 'sheer', 'dont', 'need', 'cami', 'run', 'littl', 'larg', 'size', 'want', 'tailor', 'fit', 'critic', 'catch', 'sharp', 'jewelri', 'belt', 'pull', 'care']",Fit and Sizing,Cluster 2,Fit and Sizing,Style and Aesthetics
74,1081,59,,I passed up this dress so many times in the store and finally tried it on today because i wanted a casual dress while traveling in the cape. i was surprised how much cuter it is on than on hanger. i sized down to get a more fitting look and really made a difference for me in style. i was not a fan of the way it looked so loose on model. it looks really cute fitted and a bit sexy even. it is lined and very comfy and can be dressed up a but for work with a cardi. i believe i will get a lot of wear,5,1,1,General Petite,Dresses,Dresses,"['pass', 'dress', 'mani', 'time', 'store', 'final', 'tri', 'today', 'want', 'casual', 'dress', 'travel', 'cape', 'surpris', 'much', 'cuter', 'hanger', 'size', 'get', 'fit', 'look', 'realli', 'made', 'differ', 'style', 'fan', 'way', 'look', 'loos', 'model', 'look', 'realli', 'cute', 'fit', 'bit', 'sexi', 'even', 'line', 'comfi', 'dress', 'work', 'cardi', 'believ', 'get', 'lot', 'wear']",Style and Aesthetics,Cluster 1,Style and Aesthetics,Style and Aesthetics
75,845,48,Very very cute but a lot of fabric,"I am so drawn to baby doll and boxy shirts so i immediately tried this on in the store. i am petite and only 5'2"", so usually shirts with a lot of fabric swallow me whole but this one was still cute. there is a lot more fabric than the picture lets on, but i think it is still super cute and flattering. i would definitely check the size chart and read comments to see if someone with your same size description has recommended a specific size for your body type. i am petite and weigh about 110 lbs",5,1,5,General Petite,Tops,Blouses,"['drawn', 'babi', 'doll', 'boxi', 'shirt', 'immedi', 'tri', 'store', 'petit', 'usual', 'shirt', 'lot', 'fabric', 'swallow', 'whole', 'one', 'still', 'cute', 'lot', 'fabric', 'pictur', 'let', 'think', 'still', 'super', 'cute', 'flatter', 'would', 'definit', 'check', 'size', 'chart', 'read', 'comment', 'see', 'someon', 'size', 'descript', 'recommend', 'specif', 'size', 'bodi', 'type', 'petit', 'weigh', 'lb']",Style and Aesthetics,Cluster 4,Style and Aesthetics,Style and Aesthetics
76,1082,31,Runs large in top and waist,"I would have loved this dress if the bust and waist were just a little more fitted. i am 32c and the top was too big. fit perfectly on hips. the lace material means it cannot be easily altered, so i chose to return the dress. i would have definitely kept it if it were a better fit.",4,1,0,General,Dresses,Dresses,"['would', 'love', 'dress', 'bust', 'waist', 'littl', 'fit', 'c', 'top', 'big', 'fit', 'perfectli', 'hip', 'lace', 'materi', 'mean', 'cannot', 'easili', 'alter', 'chose', 'return', 'dress', 'would', 'definit', 'kept', 'better', 'fit']",Fit and Sizing,Cluster 1,Fit and Sizing,Fit and Sizing
77,850,28,Zipper broke,"The zipper broke on this piece the first time i wore it. very disappointing since i love the design. i'm actually going to try to replace the zipper myself with something stronger, but annoying that it's come to that.",2,0,0,General Petite,Tops,Blouses,"['zipper', 'broke', 'piec', 'first', 'time', 'wore', 'disappoint', 'sinc', 'love', 'design', 'im', 'actual', 'go', 'tri', 'replac', 'zipper', 'someth', 'stronger', 'annoy', 'come']",Style and Aesthetics,Cluster 1,Style and Aesthetics,Style and Aesthetics
78,836,47,Obsessed,I usually size up with this brand. small was perfect for me at 135lbs. this top has a luxurious but casual feel and beautiful. i am obsessed and want to wear it everyday. it wears a little long and drapey but a little tight where it rolls up in the arms.,5,1,1,General,Tops,Blouses,"['usual', 'size', 'brand', 'small', 'perfect', 'lb', 'top', 'luxuri', 'casual', 'feel', 'beauti', 'obsess', 'want', 'wear', 'everyday', 'wear', 'littl', 'long', 'drapey', 'littl', 'tight', 'roll', 'arm']",Fit and Sizing,Cluster 4,Fit and Sizing,Fit and Sizing
79,1081,62,So cute...but dry clean?!,"This dress is adorable - it's a perfect casual look for summer and the quality is nice with the lining (though still overpriced, in my opinion). the tie detail is somewhat adjustable, and i found my normal size s to fit fine (5'7, 128#). where this gets me is the fact that it's dry clean...totally doesn't make sense for a dress that is essentially a fancy tshirt for summer. i might bring it back for that alone, since i originally planned to wear it a lot. :(",4,1,2,General Petite,Dresses,Dresses,"['dress', 'ador', 'perfect', 'casual', 'look', 'summer', 'qualiti', 'nice', 'line', 'though', 'still', 'overpr', 'opinion', 'tie', 'detail', 'somewhat', 'adjust', 'found', 'normal', 'size', 'fit', 'fine', 'get', 'fact', 'dri', 'cleantot', 'doesnt', 'make', 'sens', 'dress', 'essenti', 'fanci', 'tshirt', 'summer', 'might', 'bring', 'back', 'alon', 'sinc', 'origin', 'plan', 'wear', 'lot']",Fit and Sizing,Cluster 1,Fit and Sizing,Fit and Sizing
80,1072,68,Elegant classic dress,"I am usually a petite 6 but since this dress did not come in petites i tried on 4 and it fit. i'm 5'1"" -112lbs so dress hit rt below knee -will have it hemmed up a bit do not so overwhelming.

this dress looks stunning on! great vibrant color ( i have dark hair) makes this classic elegant dress look contemporary and stylish. when i tried it on in store, salesperson and others who happen to see it on me raved and told me to grab it! i did and am glad.

i plan to wear it this spring for my daughte",5,1,1,General,Dresses,Dresses,"['usual', 'petit', 'sinc', 'dress', 'come', 'petit', 'tri', 'fit', 'im', 'lb', 'dress', 'hit', 'rt', 'knee', 'hem', 'bit', 'overwhelm', 'dress', 'look', 'stun', 'great', 'vibrant', 'color', 'dark', 'hair', 'make', 'classic', 'eleg', 'dress', 'look', 'contemporari', 'stylish', 'tri', 'store', 'salesperson', 'other', 'happen', 'see', 'rave', 'told', 'grab', 'glad', 'plan', 'wear', 'spring', 'daught']",Style and Aesthetics,Cluster 1,Style and Aesthetics,Fit and Sizing
81,863,61,,Loved this top. great design. comfortable and unique. soft material,5,1,4,General Petite,Tops,Knits,"['love', 'top', 'great', 'design', 'comfort', 'uniqu', 'soft', 'materi']",Fabric and Material Quality,Cluster 6,Style and Aesthetics,Fabric and Material Quality
82,1133,33,Cute parka!,"The rest of the reviewers are right about the color being in accurately pictured. i ordered the dark orange color and i recieved more of a dark cedar brown colored jacket. the print is great, i love it! it's so different than any other jackets ive seen. while the jacket is ã¼ber cute, it is a bit bulky (though the waist tie helps with that) and its not heavy winter appropriate ( it's not waterproof or heavily insulated). for your average winter day though, it will be a fun option! the removable v",5,1,0,General,Jackets,Outerwear,"['rest', 'review', 'right', 'color', 'accur', 'pictur', 'order', 'dark', 'orang', 'color', 'reciev', 'dark', 'cedar', 'brown', 'color', 'jacket', 'print', 'great', 'love', 'differ', 'jacket', 'ive', 'seen', 'jacket', 'ber', 'cute', 'bit', 'bulki', 'though', 'waist', 'tie', 'help', 'heavi', 'winter', 'appropri', 'waterproof', 'heavili', 'insul', 'averag', 'winter', 'day', 'though', 'fun', 'option', 'remov', 'v']",Style and Aesthetics,Cluster 5,Style and Aesthetics,Style and Aesthetics
83,822,68,Just lovely,"I purchased this top in an antro store last week. the quality is wonderful and the greenish blue color is very unique. the blouse has a beautiful stretchy camsiole that is attached at the shoulders, but can be removed by snaps. i tooks great when worn two different ways. i wore it with the campole out, and it peeks through the blouse at the bottom. it also looks great when the camisole is worn in. my only wish is that it would come in a petite size as it's a touch big at the shoulders and neckli",5,1,3,General,Tops,Blouses,"['purchas', 'top', 'antro', 'store', 'last', 'week', 'qualiti', 'wonder', 'greenish', 'blue', 'color', 'uniqu', 'blous', 'beauti', 'stretchi', 'camsiol', 'attach', 'shoulder', 'remov', 'snap', 'took', 'great', 'worn', 'two', 'differ', 'way', 'wore', 'campol', 'peek', 'blous', 'bottom', 'also', 'look', 'great', 'camisol', 'worn', 'wish', 'would', 'come', 'petit', 'size', 'touch', 'big', 'shoulder', 'neckli']",Style and Aesthetics,Cluster 2,Style and Aesthetics,Style and Aesthetics
84,861,37,Casual & unique tee,"I received this shirt in my typical xs and it fits perfectly. i?m not crazy in love with it but i also don?t dislike. the shirt is on the thin side. do i need to wear a cami underneath it, no. my concern is holes. it does remind me of a material that could develop some holes after some wear and washes. with that being said i?ll wash this shirt in cold water and hang dry and hopefully that will prevent holes from developing. the length is fine and i do like the slits in front?it adds a little dim",3,1,0,General Petite,Tops,Knits,"['receiv', 'shirt', 'typic', 'xs', 'fit', 'perfectli', 'im', 'crazi', 'love', 'also', 'dont', 'dislik', 'shirt', 'thin', 'side', 'need', 'wear', 'cami', 'underneath', 'concern', 'hole', 'remind', 'materi', 'could', 'develop', 'hole', 'wear', 'wash', 'said', 'ill', 'wash', 'shirt', 'cold', 'water', 'hang', 'dri', 'hope', 'prevent', 'hole', 'develop', 'length', 'fine', 'like', 'slit', 'frontit', 'add', 'littl', 'dim']",Fit and Sizing,Cluster 2,Fit and Sizing,Fit and Sizing
85,866,58,,"I was really hoping to like this, but it did not look the way it does on the model, at least not on me. the sharkbite hem is much more pronounced and looser. the one in the photo looks like it was pinned back. i am 5'8"" and usually wear a medium or large. i got a medium and there was a lot more material on the bottom half than the photo shows. it made me look bigger and was not flattering. material has a nice weave but it's thin and delicate. i bought the (holly) deep olive and the blue. colors",1,0,2,General Petite,Tops,Knits,"['realli', 'hope', 'like', 'look', 'way', 'model', 'least', 'sharkbit', 'hem', 'much', 'pronounc', 'looser', 'one', 'photo', 'look', 'like', 'pin', 'back', 'usual', 'wear', 'medium', 'larg', 'got', 'medium', 'lot', 'materi', 'bottom', 'half', 'photo', 'show', 'made', 'look', 'bigger', 'flatter', 'materi', 'nice', 'weav', 'thin', 'delic', 'bought', 'holli', 'deep', 'oliv', 'blue', 'color']",Style and Aesthetics,Cluster 4,Style and Aesthetics,Style and Aesthetics
86,850,39,Neutral blue,"I tried this on from the sale section, and they only had a 2 (i usually do 0), and surprisingly, that size was the right fit. it is fitted, with just enough room to eat :-) 
te blue is a light blue, almost neutral, with the white embroidery, i think it looked stylish, and decided to keep it. the peplum part hit just in the right spot, i am short (petite) but my torso is normal size...",4,1,0,General Petite,Tops,Blouses,"['tri', 'sale', 'section', 'usual', 'surprisingli', 'size', 'right', 'fit', 'fit', 'enough', 'room', 'eat', 'te', 'blue', 'light', 'blue', 'almost', 'neutral', 'white', 'embroideri', 'think', 'look', 'stylish', 'decid', 'keep', 'peplum', 'part', 'hit', 'right', 'spot', 'short', 'petit', 'torso', 'normal', 'size']",Fit and Sizing,Cluster 4,Fit and Sizing,Style and Aesthetics
87,1081,39,True to size to large,"I debated n that as i think it looks loose on the model, but if i was to tighten it, it looks a lot more flattering... i tried on the xs in the store (i usually do that to decide if i need petite), and it looked huge, when we pinched the back to see if xxs would work, it was a lot of fabric, and looser didn't look as good on me... but i like the dress overall, so still recommend. and for those who like the looser look, this is great. i would, however, order eptite for 5'1.5"". (115 lbs, 03 dd che",4,1,9,General Petite,Dresses,Dresses,"['debat', 'n', 'think', 'look', 'loos', 'model', 'tighten', 'look', 'lot', 'flatter', 'tri', 'xs', 'store', 'usual', 'decid', 'need', 'petit', 'look', 'huge', 'pinch', 'back', 'see', 'xx', 'would', 'work', 'lot', 'fabric', 'looser', 'didnt', 'look', 'good', 'like', 'dress', 'overal', 'still', 'recommend', 'like', 'looser', 'look', 'great', 'would', 'howev', 'order', 'eptit', 'lb', 'dd', 'che']",Style and Aesthetics,Cluster 3,Style and Aesthetics,Fit and Sizing
88,845,38,Huge,"Really cute piece, but it's huge. i ordered an xxs petite and it was unfortunately extremely wide and not flattering. returning.",2,0,4,General Petite,Tops,Blouses,"['realli', 'cute', 'piec', 'huge', 'order', 'xx', 'petit', 'unfortun', 'extrem', 'wide', 'flatter', 'return']",Style and Aesthetics,Cluster 3,Style and Aesthetics,Style and Aesthetics
89,836,24,"Pretty, but not for me...","I bought this top online in the burnt orange color and was so excited to get it. when i tried it on, the fit was fine but it just lacked...something. the back was a little bit too long, the front was a little bit too short and it lacked the overall tailored look that i was after. gorgeous fabric and top, but not for me. i wanted something more for $150! bought the velvet tunic instead ;)",4,1,3,General,Tops,Blouses,"['bought', 'top', 'onlin', 'burnt', 'orang', 'color', 'excit', 'get', 'tri', 'fit', 'fine', 'lackedsometh', 'back', 'littl', 'bit', 'long', 'front', 'littl', 'bit', 'short', 'lack', 'overal', 'tailor', 'look', 'gorgeou', 'fabric', 'top', 'want', 'someth', 'bought', 'velvet', 'tunic', 'instead']",Style and Aesthetics,Cluster 6,Fit and Sizing,Style and Aesthetics
90,1078,51,Sweet flattering dress,"I love cute summer dresses and this one, especially because it is made out of linen, is unique. it is very well-made with a design that is quite flattering. i am 5 foot 6 and a little curvy with a 38 c bust and i got a size 10. it fits well although it is difficult to zip up because the material has no give. the perfect dress to wear to italy or france! now i just have to book my tickets!",4,1,0,General Petite,Dresses,Dresses,"['love', 'cute', 'summer', 'dress', 'one', 'especi', 'made', 'linen', 'uniqu', 'wellmad', 'design', 'quit', 'flatter', 'foot', 'littl', 'curvi', 'c', 'bust', 'got', 'size', 'fit', 'well', 'although', 'difficult', 'zip', 'materi', 'give', 'perfect', 'dress', 'wear', 'itali', 'franc', 'book', 'ticket']",Style and Aesthetics,Cluster 1,Style and Aesthetics,Style and Aesthetics
91,850,29,,"This top is so much prettier in real life than it is on the model. the pattern and texture are both lovely, and the peplum is surprisingly flattering. it is definitely on the short side, but i think that gives it a modern look. the fabric does not stretch at all, but i still think it fits tts. if you have a very large chest you may want to go up a size, but otherwise i would order your normal size.",5,1,5,General Petite,Tops,Blouses,"['top', 'much', 'prettier', 'real', 'life', 'model', 'pattern', 'textur', 'love', 'peplum', 'surprisingli', 'flatter', 'definit', 'short', 'side', 'think', 'give', 'modern', 'look', 'fabric', 'stretch', 'still', 'think', 'fit', 'tt', 'larg', 'chest', 'may', 'want', 'go', 'size', 'otherwis', 'would', 'order', 'normal', 'size']",Style and Aesthetics,Cluster 3,Style and Aesthetics,Style and Aesthetics
94,850,23,"Beautifully made, but not versatile","This shirt caught my eye because of how beautiful it was. i love the shape, design, and and the color. it's perfect for spring and summer with some white pants. unfortunately, i don't see any possibilities for this shirt to be worn any other way. so far, it doesn't work with any of my jeans, skirts, or shorts. i usually prefer items with more versatility for outfits, so i'm still on the fence if i'm going to keep it or not. with that aside, it seriously is a great quality shirt with a beautiful",4,1,3,General Petite,Tops,Blouses,"['shirt', 'caught', 'eye', 'beauti', 'love', 'shape', 'design', 'color', 'perfect', 'spring', 'summer', 'white', 'pant', 'unfortun', 'dont', 'see', 'possibl', 'shirt', 'worn', 'way', 'far', 'doesnt', 'work', 'jean', 'skirt', 'short', 'usual', 'prefer', 'item', 'versatil', 'outfit', 'im', 'still', 'fenc', 'im', 'go', 'keep', 'asid', 'serious', 'great', 'qualiti', 'shirt', 'beauti']",Style and Aesthetics,Cluster 2,Style and Aesthetics,Style and Aesthetics
95,863,83,Casual elegance!,"Purchased this top online, and when i received it was very pleased.
it has and elegant cut and yet is a casual fabric.
love that the sleeves run longer......ads to the overall look.
also loved the v neckline.........enhances the feel of the overall style.
with various necklaces this top has limitless options!
the color states moss....which i usually think of as greenish brown......i found it to be more of a taupe.
would have liked it to have a green tones, however it is still a fantastic f",5,1,14,General,Tops,Knits,"['purchas', 'top', 'onlin', 'receiv', 'pleas', 'eleg', 'cut', 'yet', 'casual', 'fabric', 'love', 'sleev', 'run', 'longerad', 'overal', 'look', 'also', 'love', 'v', 'necklineenh', 'feel', 'overal', 'style', 'variou', 'necklac', 'top', 'limitless', 'option', 'color', 'state', 'mosswhich', 'usual', 'think', 'greenish', 'browni', 'found', 'taup', 'would', 'like', 'green', 'tone', 'howev', 'still', 'fantast', 'f']",Style and Aesthetics,Cluster 6,Style and Aesthetics,Style and Aesthetics
96,845,44,,"I usually wear a medium and bought a small. it fit ok, but had no shape and was not flattering. i love baby doll dresses and tops, but this was a tent. my daughter saw me try it on and said ""that's a piece of tablecloth."" it's going back.",1,0,0,General Petite,Tops,Blouses,"['usual', 'wear', 'medium', 'bought', 'small', 'fit', 'ok', 'shape', 'flatter', 'love', 'babi', 'doll', 'dress', 'top', 'tent', 'daughter', 'saw', 'tri', 'said', 'that', 'piec', 'tablecloth', 'go', 'back']",Fit and Sizing,Cluster 4,Fit and Sizing,Fit and Sizing
97,861,44,Huge,"I was very excited to order this top in red xs. so cute, but it was huge, shapeless and support thin! it had to go back. i should've looked at other reviews.",1,0,0,General Petite,Tops,Knits,"['excit', 'order', 'top', 'red', 'xs', 'cute', 'huge', 'shapeless', 'support', 'thin', 'go', 'back', 'shouldv', 'look', 'review']",Style and Aesthetics,Cluster 6,Style and Aesthetics,Style and Aesthetics
99,861,33,Pernette henley,"I am in need of easy comfortable tops for everyday wear. i bought this top mostly because of the cute buttons. when i received it, it looked exactly as it does in the picture online, however, the buttons kept slipping out of their homes because the holes were slightly too big. the shirt fit but was just a tad snug near the upper arms, which would stretch and loosen up throughout the day. it's definitely a comfortable shirt, but it felt more like a pajama top. it's going back.",3,0,17,General Petite,Tops,Knits,"['need', 'easi', 'comfort', 'top', 'everyday', 'wear', 'bought', 'top', 'mostli', 'cute', 'button', 'receiv', 'look', 'exactli', 'pictur', 'onlin', 'howev', 'button', 'kept', 'slip', 'home', 'hole', 'slightli', 'big', 'shirt', 'fit', 'tad', 'snug', 'near', 'upper', 'arm', 'would', 'stretch', 'loosen', 'throughout', 'day', 'definit', 'comfort', 'shirt', 'felt', 'like', 'pajama', 'top', 'go', 'back']",Comfort and Wearability,Cluster 2,Fit and Sizing,Comfort and Wearability
